Date,Open,High,Low,Close,Adj Close,Volume,Ticker,Signal,Daily_Return
2018-01-02,267.8399963378906,268.8099975585937,267.3999938964844,268.7699890136719,243.0722503662109,86655700,SPY,0.0,0.0034721949241965635
2018-01-03,268.9599914550781,270.6400146484375,268.9599914550781,270.4700012207031,244.60972595214844,90070400,SPY,1.0,0.0056142542147470395
2018-01-04,271.20001220703125,272.1600036621094,270.5400085449219,271.6099853515625,245.6407623291016,80636400,SPY,1.0,0.0015117003173963017
2018-01-05,272.510009765625,273.5599975585937,271.95001220703125,273.4200134277344,247.2777404785156,83524000,SPY,1.0,0.00333934031594668
2018-01-08,273.3099975585937,274.1000061035156,272.9800109863281,273.9200134277344,247.7299041748047,57319200,SPY,1.0,0.0022319559276638
2018-01-09,274.3999938964844,275.25,274.0799865722656,274.5400085449219,248.29063415527344,57254000,SPY,1.0,0.0005102574765009639
2018-01-10,273.67999267578125,274.4200134277344,272.9200134277344,274.1199951171875,247.9106903076172,69574300,SPY,1.0,0.0016077260054866522
2018-01-11,274.75,276.1199951171875,274.5599975585937,276.1199951171875,249.719482421875,62361500,SPY,0.0,0.00498633345655141
2018-01-12,276.4200134277344,278.1099853515625,276.0799865722656,277.9200134277344,251.347412109375,90816100,SPY,1.0,0.005426524589877973
2018-01-16,279.3500061035156,280.0899963378906,276.17999267578125,276.9700012207031,250.48831176757807,106555100,SPY,1.0,-0.008519795349245735
2018-01-17,278.0299987792969,280.04998779296875,276.9700012207031,279.6099853515625,252.8758087158203,113258800,SPY,1.0,0.005682791710256543
2018-01-18,279.4800109863281,279.9599914550781,278.5799865722656,279.1400146484375,252.4507751464844,100728000,SPY,1.0,-0.0012165318610469686
2018-01-19,279.79998779296875,280.4100036621094,279.1400146484375,280.4100036621094,253.599365234375,140920100,SPY,1.0,0.0021801854744611052
2018-01-22,280.1700134277344,282.69000244140625,280.1099853515625,282.69000244140625,255.6613311767578,91322400,SPY,1.0,0.008994499385716266
2018-01-23,282.739990234375,283.6199951171875,282.3699951171875,283.2900085449219,256.2040405273437,97084700,SPY,1.0,0.0019453148813188465
2018-01-24,284.0199890136719,284.70001220703125,281.8399963378906,283.17999267578125,256.1045227050781,134816100,SPY,1.0,-0.002957525422093408
2018-01-25,284.1600036621094,284.2699890136719,282.3999938964844,283.29998779296875,256.2129821777344,84587300,SPY,1.0,-0.0030265197707530214
2018-01-26,284.25,286.6300048828125,283.9599914550781,286.5799865722656,259.179443359375,107743100,SPY,1.0,0.00819696243541117
2018-01-29,285.92999267578125,286.42999267578125,284.5,284.67999267578125,257.4611511230469,90118300,SPY,1.0,-0.004371699478960876
2018-01-30,282.6000061035156,284.739990234375,281.2200012207031,281.760009765625,254.82028198242188,131796400,SPY,1.0,-0.002972386127914437
2018-01-31,282.7300109863281,283.29998779296875,280.67999267578125,281.8999938964844,254.94683837890625,108364800,SPY,1.0,-0.0029357233317685786
2018-02-01,281.07000732421875,283.0599975585937,280.67999267578125,281.5799865722656,254.6573944091797,90102500,SPY,1.0,0.0018144207306281734
2018-02-02,280.0799865722656,280.2300109863281,275.4100036621094,275.45001220703125,249.11358642578125,173174800,SPY,1.0,-0.01653090041133574
2018-02-05,273.45001220703125,275.8500061035156,263.3099975585937,263.92999267578125,238.69500732421875,294681800,SPY,1.0,-0.03481447835534311
2018-02-06,259.94000244140625,269.70001220703125,258.70001220703125,269.1300048828125,243.3978729248047,355026800,SPY,0.0,0.035354321593798525
2018-02-07,268.5,272.3599853515625,267.5799865722656,267.6700134277344,242.0774383544922,167376100,SPY,0.0,-0.0030911976620693667
2018-02-08,268.010009765625,268.1700134277344,257.5899963378906,257.6300048828125,232.9973907470703,246449500,SPY,1.0,-0.03872991494567619
2018-02-09,260.79998779296875,263.6099853515625,252.9199981689453,261.5,236.49734497070312,283565300,SPY,0.0,0.00268409601148809
2018-02-12,263.8299865722656,267.010009765625,261.6600036621094,265.3399963378906,239.9701690673828,143736000,SPY,1.0,0.005723419787278023
2018-02-13,263.9700012207031,266.6199951171875,263.3099975585937,266.0,240.56712341308597,81223600,SPY,1.0,0.00769026317350209
2018-02-14,264.3099975585937,270.0,264.29998779296875,269.5899963378906,243.8138732910156,120735700,SPY,1.0,0.019976538262145883
2018-02-15,271.57000732421875,273.0400085449219,268.7699890136719,273.0299987792969,246.9250030517578,111200300,SPY,1.0,0.005376114503451362
2018-02-16,272.32000732421875,275.32000732421875,272.2699890136719,273.1099853515625,246.99728393554688,160420100,SPY,0.0,0.002900918059991156
2018-02-20,272.0299987792969,273.6700134277344,270.5,271.3999938964844,245.45086669921875,86369700,SPY,1.0,-0.0023159389980501196
2018-02-21,271.8999938964844,274.7200012207031,269.94000244140625,270.04998779296875,244.22984313964844,98883700,SPY,0.0,-0.006803994648929433
2018-02-22,271.1000061035156,273.04998779296875,269.6400146484375,270.3999938964844,244.54641723632807,110511300,SPY,1.0,-0.002582118005426973
2018-02-23,271.7900085449219,274.7099914550781,271.25,274.7099914550781,248.4442901611328,92766400,SPY,1.0,0.01074352558355224
2018-02-26,275.92999267578125,278.010009765625,275.260009765625,277.8999938964844,251.3292999267578,86491400,SPY,1.0,0.007139496513588081
2018-02-27,278.1099853515625,278.9200134277344,274.3599853515625,274.42999267578125,248.19110107421875,99099200,SPY,0.0,-0.013232148680779378
2018-02-28,275.67999267578125,276.19000244140625,271.2900085449219,271.6499938964844,245.67686462402344,121907800,SPY,1.0,-0.014618394103181918
2018-03-01,271.4100036621094,273.1700134277344,266.0,267.70001220703125,242.1045837402344,176855100,SPY,1.0,-0.01366932465649594
2018-03-02,265.79998779296875,269.7200012207031,264.82000732421875,269.0799865722656,243.35260009765625,139083200,SPY,1.0,0.012340101316527003
2018-03-05,267.7300109863281,272.8900146484375,267.6099853515625,272.19000244140625,246.1652984619141,97307400,SPY,0.0,0.016658541336652313
2018-03-06,273.29998779296875,273.3900146484375,271.17999267578125,272.8800048828125,246.7893524169922,79213200,SPY,1.0,-0.0015367103143612178
2018-03-07,270.4200134277344,273.17999267578125,270.20001220703125,272.7799987792969,246.69883728027344,87063500,SPY,1.0,0.008727110547951993
2018-03-08,273.54998779296875,274.239990234375,272.4200134277344,274.1000061035156,247.8927001953125,66901200,SPY,1.0,0.002010668379057455
2018-03-09,275.70001220703125,278.8699951171875,275.3399963378906,278.8699951171875,252.20664978027344,113625300,SPY,1.0,0.011497942581793636
2018-03-12,279.20001220703125,279.9100036621094,278.0799865722656,278.5199890136719,251.88998413085935,71924800,SPY,1.0,-0.0024356130502427306
2018-03-13,279.8399963378906,280.4100036621094,276.0299987792969,276.7200012207031,250.26220703125,91968900,SPY,1.0,-0.011149210827676993
2018-03-14,277.8099975585937,278.0199890136719,274.6700134277344,275.29998779296875,248.97792053222656,105895100,SPY,0.0,-0.009034987177146315
2018-03-15,275.8800048828125,276.6099853515625,274.42999267578125,275.0,248.7066192626953,83433000,SPY,0.0,-0.0031898103060651528
2018-03-16,274.5,275.3900146484375,274.1400146484375,274.20001220703125,248.97634887695312,100343700,SPY,1.0,-0.0010928517048041893
2018-03-19,273.3500061035156,274.3999938964844,268.6199951171875,270.489990234375,245.6075897216797,109208400,SPY,1.0,-0.010462834480631247
2018-03-20,270.94000244140625,271.6700134277344,270.17999267578125,270.95001220703125,246.0252227783203,59757300,SPY,1.0,3.6944583800115385e-05
2018-03-21,270.8999938964844,273.2699890136719,270.19000244140625,270.42999267578125,245.5531463623047,78709600,SPY,1.0,-0.001734962094102965
2018-03-22,267.9100036621094,268.8699951171875,263.3599853515625,263.6700134277344,239.4149475097656,148785900,SPY,1.0,-0.015826173627030798
2018-03-23,264.1700134277344,264.5400085449219,257.8299865722656,258.04998779296875,234.3119354248047,183534800,SPY,1.0,-0.023166995963528624
2018-03-26,262.1300048828125,265.42999267578125,259.4100036621094,265.1099853515625,240.7224578857422,141956100,SPY,1.0,0.01136833026834233
2018-03-27,266.1700134277344,266.7699890136719,258.8399963378906,260.6000061035156,236.6273498535156,129941400,SPY,0.0,-0.020926502022103315
2018-03-28,260.75,262.6400146484375,258.5799865722656,259.8299865722656,235.9281463623047,146452300,SPY,1.0,-0.0035283352933245444
2018-03-29,261.1199951171875,265.260009765625,259.8399963378906,263.1499938964844,238.9427947998047,111601600,SPY,1.0,0.007774198901872053
2018-04-02,262.54998779296875,263.1300048828125,254.6699981689453,257.4700012207031,233.78526306152344,186286300,SPY,0.0,-0.019348645242640038
2018-04-03,258.8699951171875,261.3099975585937,256.8399963378906,260.7699890136719,236.78175354003903,119956900,SPY,1.0,0.007339567861560276
2018-04-04,256.75,264.3599853515625,256.6000061035156,263.5599975585937,239.3150787353516,123715300,SPY,1.0,0.026523846382059176
2018-04-05,265.54998779296875,266.6400146484375,264.32000732421875,265.6400146484375,241.2037506103516,82652600,SPY,1.0,0.00033902037133188575
2018-04-06,263.4200134277344,265.1099853515625,258.0,259.7200012207031,235.82833862304688,179521200,SPY,1.0,-0.014046055798438022
2018-04-09,261.3699951171875,264.8399963378906,259.94000244140625,261.0,236.99057006835935,105442900,SPY,1.0,-0.0014155990515346242
2018-04-10,264.2699890136719,266.0400085449219,262.9800109863281,265.1499938964844,240.7587890625,103529000,SPY,1.0,0.0033299463404714235
2018-04-11,263.4700012207031,265.6400146484375,263.3900146484375,263.760009765625,239.4967041015625,91140200,SPY,1.0,0.0011007270033712153
2018-04-12,265.260009765625,267.0,265.0599975585937,265.92999267578125,241.4670562744141,68890500,SPY,1.0,0.0025257592003718344
2018-04-13,267.4100036621094,267.5400085449219,264.010009765625,265.1499938964844,240.7587890625,85079200,SPY,1.0,-0.00845147801007727
2018-04-16,267.0,268.20001220703125,266.07000732421875,267.3299865722656,242.7382354736328,63405300,SPY,0.0,0.001235904765039794
2018-04-17,269.3299865722656,270.8699951171875,268.75,270.19000244140625,245.33523559570312,64682000,SPY,0.0,0.0031931679056088646
2018-04-18,270.69000244140625,271.29998779296875,269.8699951171875,270.3900146484375,245.5167999267578,57303900,SPY,0.0,-0.0011082337369799447
2018-04-19,269.6499938964844,269.8800048828125,267.7200012207031,268.8900146484375,244.1547698974609,77655900,SPY,1.0,-0.002818391489890493
2018-04-20,268.8099975585937,269.0599975585937,265.6099853515625,266.6099853515625,242.08450317382807,99953100,SPY,0.0,-0.00818426482278304
2018-04-23,267.260009765625,267.8900146484375,265.3500061035156,266.57000732421875,242.0481719970703,65558000,SPY,0.0,-0.00258176463441482
2018-04-24,267.7300109863281,267.9800109863281,261.2799987792969,262.9800109863281,238.78843688964844,112885500,SPY,1.0,-0.017741754024888017
2018-04-25,262.9100036621094,264.1300048828125,260.8500061035156,263.6300048828125,239.3785858154297,103840900,SPY,1.0,0.002738584347016582
2018-04-26,264.7900085449219,267.25,264.2900085449219,266.3099975585937,241.81211853027344,67731900,SPY,1.0,0.005740356375319768
2018-04-27,267.0,267.3399963378906,265.5,266.5599975585937,242.0391082763672,57053600,SPY,0.0,-0.001647949218750213
2018-04-30,267.260009765625,267.8900146484375,264.42999267578125,264.510009765625,240.1776580810547,82182300,SPY,1.0,-0.010289605251498817
2018-05-01,263.8699951171875,265.1000061035156,262.1099853515625,264.9800109863281,240.60446166992188,74203400,SPY,0.0,0.004206677112521471
2018-05-02,264.760009765625,265.67999267578125,262.760009765625,263.20001220703125,238.9882049560547,86368900,SPY,1.0,-0.005892119281815692
2018-05-03,262.260009765625,263.3599853515625,259.04998779296875,262.6199951171875,238.4615173339844,136311500,SPY,1.0,0.001372627690680747
2018-05-04,261.5199890136719,266.7900085449219,261.1499938964844,266.0199890136719,241.5487365722656,91222100,SPY,1.0,0.017207097694412747
2018-05-07,266.8900146484375,268.0199890136719,266.1099853515625,266.9200134277344,242.3659820556641,55304900,SPY,0.0,0.00011240128011679671
2018-05-08,266.5,267.3299865722656,265.1499938964844,266.9200134277344,242.3659820556641,67499200,SPY,1.0,0.0015760353761139776
2018-05-09,267.67999267578125,269.8699951171875,267.0899963378906,269.5,244.70864868164065,59666100,SPY,0.0,0.0067991907278000235
2018-05-10,270.3399963378906,272.3900146484375,270.2200012207031,272.0199890136719,246.996826171875,72063900,SPY,1.0,0.0062143696772173984
2018-05-11,272.1600036621094,273.1499938964844,271.5799865722656,272.8500061035156,247.75048828125,59871500,SPY,1.0,0.0025352823049741655
2018-05-14,273.3399963378906,274.0799865722656,272.3599853515625,272.9800109863281,247.8686065673828,54790600,SPY,1.0,-0.0013169874748864131
2018-05-15,271.5899963378906,271.6099853515625,270.0299987792969,271.1000061035156,246.16148376464844,87036100,SPY,1.0,-0.0018041542066424023
2018-05-16,271.1400146484375,272.760009765625,271.1099853515625,272.239990234375,247.19651794433597,53942600,SPY,0.0,0.00405685449034049
2018-05-17,271.94000244140625,273.2300109863281,271.1300048828125,272.010009765625,246.98780822753903,56536400,SPY,0.0,0.0002574366536377236
2018-05-18,271.6199951171875,272.0299987792969,270.92999267578125,271.3299865722656,246.37034606933597,64368000,SPY,0.0,-0.001067699543977806
2018-05-21,273.010009765625,273.9800109863281,272.57000732421875,273.3699951171875,248.2226409912109,58025900,SPY,0.0,0.001318579314624918
2018-05-22,273.9599914550781,274.25,272.239990234375,272.6099853515625,247.5325927734375,52966400,SPY,0.0,-0.0049277491079823925
2018-05-23,271.1700134277344,273.3900146484375,270.989990234375,273.3599853515625,248.21353149414065,64694200,SPY,0.0,0.008076010677381711
2018-05-24,272.9100036621094,273.2200012207031,270.7799987792969,272.79998779296875,247.705078125,76043800,SPY,0.0,-0.0004031214234155958
2018-05-25,272.1499938964844,272.8599853515625,271.5799865722656,272.1499938964844,247.1148681640625,56374800,SPY,0.0,0.0
2018-05-29,270.3099975585937,271.1700134277344,267.760009765625,269.0199890136719,244.2727508544922,115908600,SPY,1.0,-0.004772330126791517
2018-05-30,270.5,273.1099853515625,270.4200134277344,272.6099853515625,247.5325927734375,69678400,SPY,0.0,0.007800315532578558
2018-05-31,272.1499938964844,272.489990234375,270.260009765625,270.94000244140625,246.01617431640625,93519900,SPY,1.0,-0.004446046232646106
2018-06-01,272.4100036621094,273.94000244140625,272.3299865722656,273.6000061035156,248.43148803710935,71258400,SPY,0.0,0.004368424159937605
2018-06-04,274.5299987792969,275.19000244140625,274.260009765625,274.8999938964844,249.6118927001953,45385200,SPY,1.0,0.0013477402062896248
2018-06-05,275.04998779296875,275.5299987792969,274.17999267578125,275.1000061035156,249.79351806640625,51135000,SPY,1.0,0.00018185170975002545
2018-06-06,275.7900085449219,277.5199890136719,275.0899963378906,277.3999938964844,251.88194274902344,62732200,SPY,1.0,0.005837721823415001
2018-06-07,277.95001220703125,278.2799987792969,276.3399963378906,277.3699951171875,251.85467529296875,72969400,SPY,1.0,-0.0020867676357996484
2018-06-08,276.8500061035156,278.25,276.6600036621094,278.19000244140625,252.5992431640625,72139700,SPY,1.0,0.004840152820475624
2018-06-11,278.44000244140625,279.3699951171875,278.3099975585937,278.5599975585937,252.9351806640625,58892500,SPY,1.0,0.00043095502131628674
2018-06-12,279.0299987792969,279.3299865722656,278.19000244140625,278.9200134277344,253.2620391845703,72329000,SPY,1.0,-0.00039417034743097505
2018-06-13,279.19000244140625,279.4800109863281,277.79998779296875,278.0299987792969,252.45396423339844,79070600,SPY,1.0,-0.004154889687902867
2018-06-14,279.010009765625,279.3299865722656,278.0599975585937,278.7300109863281,253.0895538330078,77097600,SPY,0.0,-0.001003543849670772
2018-06-15,276.6000061035156,277.510009765625,275.3500061035156,277.1300048828125,252.7667388916016,120041600,SPY,1.0,0.001916119911792506
2018-06-18,275.489990234375,276.70001220703125,274.95001220703125,276.5599975585937,252.2468414306641,52917600,SPY,1.0,0.003884015253361391
2018-06-19,274.0,275.75,273.5299987792969,275.5,251.280029296875,97531500,SPY,1.0,0.005474452554744526
2018-06-20,276.2699890136719,276.7200012207031,275.5899963378906,275.9700012207031,251.7086639404297,53785500,SPY,1.0,-0.0010858500919327303
2018-06-21,275.9599914550781,275.9800109863281,273.67999267578125,274.239990234375,250.13075256347656,71061400,SPY,1.0,-0.0062327919769598695
2018-06-22,275.6600036621094,275.7900085449219,274.489990234375,274.739990234375,250.58676147460935,54898500,SPY,1.0,-0.003337493345106687
2018-06-25,273.44000244140625,273.6199951171875,269.1000061035156,271.0,247.1755523681641,137854200,SPY,1.0,-0.008923355835359543
2018-06-26,271.6400146484375,272.5599975585937,270.7900085449219,271.6000061035156,247.7228546142578,68547400,SPY,1.0,-0.00014728516700183124
2018-06-27,272.260009765625,273.8699951171875,269.17999267578125,269.3500061035156,245.67062377929688,105110700,SPY,1.0,-0.010688325709730384
2018-06-28,269.2900085449219,271.75,268.489990234375,270.8900146484375,247.0752716064453,76650500,SPY,1.0,0.005941572478537459
2018-06-29,272.1199951171875,273.6600036621094,271.1499938964844,271.2799987792969,247.4310607910156,97592500,SPY,1.0,-0.0030868600358782295
2018-07-02,269.510009765625,272.0400085449219,269.239990234375,271.8599853515625,247.9599456787109,63554800,SPY,1.0,0.008719437129556406
2018-07-03,272.8699951171875,272.9800109863281,270.4200134277344,270.8999938964844,247.08441162109372,42187100,SPY,1.0,-0.007219559702257051
2018-07-05,272.1700134277344,273.17999267578125,270.9599914550781,273.1099853515625,249.10003662109372,56925900,SPY,1.0,0.0034536204484470257
2018-07-06,273.1400146484375,275.8399963378906,272.7099914550781,275.4200134277344,251.20703125,66493700,SPY,0.0,0.008347362733473872
2018-07-09,276.54998779296875,277.9599914550781,276.5,277.8999938964844,253.46897888183597,50550400,SPY,1.0,0.004881598854114825
2018-07-10,278.4100036621094,279.010009765625,278.0799865722656,278.8999938964844,254.38104248046875,51966800,SPY,1.0,0.0017599591535140157
2018-07-11,277.1499938964844,278.0400085449219,276.5199890136719,276.8599853515625,252.5204925537109,77054700,SPY,1.0,-0.001046395638854653
2018-07-12,278.2799987792969,279.42999267578125,277.6000061035156,279.3699951171875,254.80978393554688,60124700,SPY,1.0,0.003916905069254
2018-07-13,279.1700134277344,279.92999267578125,278.6600036621094,279.5899963378906,255.0104217529297,48216000,SPY,1.0,0.0015043983592634897
2018-07-16,279.6400146484375,279.79998779296875,278.8399963378906,279.3399963378906,254.78245544433597,48201000,SPY,1.0,-0.0010728733186631284
2018-07-17,278.4700012207031,280.9100036621094,278.4100036621094,280.4700012207031,255.81309509277344,52315500,SPY,1.0,0.007182102169830809
2018-07-18,280.5599975585937,281.17999267578125,280.0599975585937,281.0599975585937,256.3511962890625,44593500,SPY,1.0,0.001782150001250899
2018-07-19,280.3099975585937,280.739990234375,279.4599914550781,280.0,255.3843994140625,61412100,SPY,1.0,-0.001105909747399908
2018-07-20,279.7699890136719,280.4800109863281,279.5,279.67999267578125,255.092529296875,82337700,SPY,1.0,-0.0003216797420191736
2018-07-23,279.45001220703125,280.42999267578125,279.0599975585937,280.20001220703125,255.5668487548828,47047600,SPY,0.0,0.0026838431463168467
2018-07-24,281.7900085449219,282.5599975585937,280.6300048828125,281.6099853515625,256.85284423828125,68026900,SPY,1.0,-0.0006388558426502067
2018-07-25,281.3299865722656,284.3699951171875,281.2799987792969,284.010009765625,259.0418701171875,78882900,SPY,1.0,0.009526262116644127
2018-07-26,283.20001220703125,284.1099853515625,283.0899963378906,283.3399963378906,258.4307556152344,57919500,SPY,1.0,0.000494294226078778
2018-07-27,283.7099914550781,283.82000732421875,280.3800048828125,281.4200134277344,256.6795654296875,76768700,SPY,1.0,-0.00807154522686713
2018-07-30,281.510009765625,281.69000244140625,279.3599853515625,279.95001220703125,255.3388671875,63742500,SPY,0.0,-0.005541534952496173
2018-07-31,280.8099975585937,282.0199890136719,280.3800048828125,281.3299865722656,256.597412109375,68570500,SPY,0.0,0.0018517467974530756
2018-08-01,281.5599975585937,282.1300048828125,280.1300048828125,280.8599853515625,256.1688232421875,53853300,SPY,1.0,-0.00248619197720201
2018-08-02,279.3900146484375,282.5799865722656,279.1600036621094,282.3900146484375,257.5643005371094,63426400,SPY,1.0,0.010737677950928077
2018-08-03,282.5299987792969,283.6600036621094,282.3299865722656,283.6000061035156,258.6679077148437,53935400,SPY,1.0,0.003787234378090252
2018-08-06,283.6400146484375,284.989990234375,283.20001220703125,284.6400146484375,259.6164855957031,39400900,SPY,1.0,0.0035255956436170237
2018-08-07,285.3900146484375,286.010009765625,285.239990234375,285.5799865722656,260.4738464355469,43196600,SPY,1.0,0.0006656572202154484
2018-08-08,285.3900146484375,285.9100036621094,284.94000244140625,285.4599914550781,260.3644104003906,42114600,SPY,1.0,0.0002451971093902045
2018-08-09,285.5299987792969,285.9700012207031,284.9200134277344,285.07000732421875,260.0086364746094,35717000,SPY,0.0,-0.0016110092005907925
2018-08-10,283.45001220703125,284.0599975585937,282.3599853515625,283.1600036621094,258.2665405273437,77076000,SPY,1.0,-0.0010231382340179737
2018-08-13,283.4700012207031,284.1600036621094,281.7699890136719,282.1000061035156,257.2998046875,65732900,SPY,0.0,-0.004832945677806851
2018-08-14,282.9200134277344,284.1700134277344,282.4800109863281,283.8999938964844,258.9415588378906,43842000,SPY,0.0,0.0034638075153361823
2018-08-15,282.3800048828125,282.5400085449219,280.1600036621094,281.7799987792969,257.0079040527344,102925400,SPY,1.0,-0.002124817951485719
2018-08-16,283.3999938964844,285.0400085449219,283.3599853515625,284.0599975585937,259.08746337890625,69967900,SPY,1.0,0.0023288767689613756
2018-08-17,283.8299865722656,285.5599975585937,283.3699951171875,285.0599975585937,259.99957275390625,65618500,SPY,0.0,0.004333618872278305
2018-08-20,285.57000732421875,285.9700012207031,285.0599975585937,285.6700134277344,260.55584716796875,39807500,SPY,0.0,0.0003501982034201658
2018-08-21,286.25,287.3099975585937,285.7099914550781,286.3399963378906,261.1669921875,67272000,SPY,1.0,0.00031439768695414846
2018-08-22,285.8800048828125,286.760009765625,285.5799865722656,286.1700134277344,261.011962890625,44993300,SPY,1.0,0.0010144415138119045
2018-08-23,285.9700012207031,286.94000244140625,285.42999267578125,285.7900085449219,260.6653747558594,49204900,SPY,0.0,-0.000629411039664741
2018-08-24,286.44000244140625,287.6700134277344,286.3800048828125,287.510009765625,262.2342224121094,57487400,SPY,1.0,0.0037355373380072118
2018-08-27,288.8599853515625,289.8999938964844,288.67999267578125,289.7799987792969,264.3046264648437,57072400,SPY,1.0,0.0031849805247848896
2018-08-28,290.29998779296875,290.4200134277344,289.3999938964844,289.9200134277344,264.4322814941406,46943500,SPY,1.0,-0.0013089024499214196
2018-08-29,290.1600036621094,291.739990234375,289.8900146484375,291.4800109863281,265.8551940917969,61485500,SPY,1.0,0.004549239411217734
2018-08-30,290.94000244140625,291.3599853515625,289.6300048828125,290.29998779296875,264.77880859375,61229500,SPY,1.0,-0.002199816605028026
2018-08-31,289.8399963378906,290.8099975585937,289.2900085449219,290.3099975585937,264.7880249023437,66140800,SPY,0.0,0.0016215885545180196
2018-09-04,289.8399963378906,290.2099914550781,288.67999267578125,289.8099975585937,264.3319396972656,57594400,SPY,0.0,-0.00010350117194301841
2018-09-05,289.4100036621094,289.6400146484375,287.8900146484375,289.0299987792969,263.6204833984375,72452400,SPY,1.0,-0.0013130329912720002
2018-09-06,289.1499938964844,289.489990234375,287.0,288.1600036621094,262.8269958496094,65909900,SPY,0.0,-0.003423794761446256
2018-09-07,286.9800109863281,288.70001220703125,286.7099914550781,287.6000061035156,262.3162536621094,73524800,SPY,1.0,0.0021604122010331823
2018-09-10,288.739990234375,289.0400085449219,287.8800048828125,288.1000061035156,262.77227783203125,50210900,SPY,1.0,-0.00221647209428763
2018-09-11,287.3699951171875,289.54998779296875,286.9800109863281,289.04998779296875,263.6387939453125,50530500,SPY,0.0,0.00584609633687108
2018-09-12,289.0599975585937,289.79998779296875,288.2300109863281,289.1199951171875,263.7025756835937,59810800,SPY,0.0,0.00020756091849632386
2018-09-13,290.32000732421875,291.0400085449219,290.0,290.8299865722656,265.26220703125,51034200,SPY,0.0,0.001756610757719322
2018-09-14,291.0599975585937,291.2699890136719,290.0,290.8800048828125,265.30792236328125,55079900,SPY,1.0,-0.0006184040310965734
2018-09-17,290.82000732421875,290.8599853515625,289.0299987792969,289.3399963378906,263.9033508300781,68244000,SPY,1.0,-0.0050890961730777505
2018-09-18,289.5799865722656,291.5799865722656,289.54998779296875,290.9100036621094,265.33526611328125,61930400,SPY,0.0,0.004592917851772328
2018-09-19,290.9700012207031,291.69000244140625,290.8299865722656,291.2200012207031,265.6179504394531,49080600,SPY,0.0,0.0008591951024201046
2018-09-20,292.6400146484375,293.94000244140625,291.239990234375,293.5799865722656,267.7704772949219,100360600,SPY,1.0,0.003212041678433342
2018-09-21,293.0899963378906,293.2200012207031,291.8099975585937,291.989990234375,267.5258483886719,105479700,SPY,1.0,-0.0037531342497526803
2018-09-24,291.3399963378906,291.5,290.3699951171875,291.0199890136719,266.6371765136719,53409600,SPY,0.0,-0.0010983981885124058
2018-09-25,291.5299987792969,291.6499938964844,290.4800109863281,290.75,266.3898010253906,44370000,SPY,0.0,-0.0026755352195757184
2018-09-26,290.9100036621094,292.239990234375,289.4100036621094,289.8800048828125,265.5926513671875,79739700,SPY,1.0,-0.0035406096948567426
2018-09-27,290.4100036621094,291.9100036621094,290.1000061035156,290.69000244140625,266.3348083496094,59249500,SPY,1.0,0.00096414991138753
2018-09-28,289.989990234375,291.2799987792969,289.95001220703125,290.7200012207031,266.3623352050781,70091400,SPY,1.0,0.0025173661537010892
2018-10-01,292.1099853515625,292.92999267578125,290.9800109863281,291.7300109863281,267.2876892089844,62078900,SPY,0.0,-0.0013007921135495086
2018-10-02,291.5599975585937,292.3599853515625,291.1400146484375,291.5599975585937,267.13189697265625,47258200,SPY,0.0,0.0
2018-10-03,292.739990234375,293.2099914550781,291.32000732421875,291.7200012207031,267.2784423828125,64694600,SPY,1.0,-0.003484283144421936
2018-10-04,291.17999267578125,291.239990234375,287.6600036621094,289.44000244140625,265.1896057128906,111545900,SPY,1.0,-0.005975651755415827
2018-10-05,289.69000244140625,290.2699890136719,286.2200012207031,287.82000732421875,263.70526123046875,105951700,SPY,1.0,-0.006455159313154868
2018-10-08,287.04998779296875,288.2200012207031,285.5,287.82000732421875,263.70526123046875,87742200,SPY,1.0,0.0026825276571875944
2018-10-09,287.3900146484375,288.8599853515625,286.7699890136719,287.3999938964844,263.3205261230469,74339000,SPY,1.0,3.4723711814004935e-05
2018-10-10,286.8299865722656,286.9100036621094,277.8800048828125,278.29998779296875,254.9828338623047,214731000,SPY,1.0,-0.029738866850128925
2018-10-11,277.0799865722656,278.8999938964844,270.3599853515625,272.1700134277344,249.3665008544922,274840500,SPY,1.0,-0.01772041786659562
2018-10-12,276.7699890136719,277.0899963378906,272.3699951171875,275.95001220703125,252.829833984375,183186500,SPY,1.0,-0.0029626651703198925
2018-10-15,275.54998779296875,277.0400085449219,274.29998779296875,274.3999938964844,251.40963745117188,102263700,SPY,1.0,-0.004173449273924154
2018-10-16,276.6000061035156,280.82000732421875,276.07000732421875,280.3999938964844,256.9069519042969,118255800,SPY,0.0,0.0137382057451822
2018-10-17,280.44000244140625,281.1499938964844,277.5599975585937,280.45001220703125,256.95281982421875,110626000,SPY,1.0,3.569307351967875e-05
2018-10-18,279.3999938964844,280.07000732421875,274.9700012207031,276.3999938964844,253.24205017089844,134557500,SPY,1.0,-0.010737294436418198
2018-10-19,277.1300048828125,279.29998779296875,275.4700012207031,276.25,253.1046295166016,139901600,SPY,1.0,-0.0031754226078284805
2018-10-22,277.0,277.3599853515625,274.4100036621094,275.010009765625,251.96856689453125,82415800,SPY,1.0,-0.007184080268501805
2018-10-23,270.95001220703125,274.8699951171875,268.6099853515625,273.6099853515625,250.68588256835935,146352700,SPY,1.0,0.009817209908441638
2018-10-24,273.3299865722656,273.760009765625,264.70001220703125,265.32000732421875,243.09043884277344,177806700,SPY,0.0,-0.029305160946653468
2018-10-25,267.3800048828125,271.8099975585937,266.2300109863281,270.0799865722656,247.4516143798828,138061500,SPY,1.0,0.010097919216646267
2018-10-26,265.9200134277344,271.0,262.2900085449219,265.3299865722656,243.09954833984372,201574600,SPY,0.0,-0.002218813273447333
2018-10-29,268.79998779296875,270.25,259.8500061035156,263.8599853515625,241.75267028808597,160749100,SPY,1.0,-0.018377986107689363
2018-10-30,263.6700134277344,268.1199951171875,263.1199951171875,267.7699890136719,245.33517456054688,157116000,SPY,1.0,0.015549646820423153
2018-10-31,270.6499938964844,273.2300109863281,270.1199951171875,270.6300048828125,247.95562744140625,128296300,SPY,1.0,-7.385558515667363e-05
2018-11-01,271.6000061035156,273.7300109863281,270.3800048828125,273.510009765625,250.5942230224609,99495000,SPY,1.0,0.007032413914532131
2018-11-02,274.75,275.2300109863281,269.5899963378906,271.8900146484375,249.1099853515625,122634100,SPY,0.0,-0.010409409832802547
2018-11-05,272.44000244140625,274.010009765625,271.3500061035156,273.3900146484375,250.4842071533203,65622500,SPY,1.0,0.0034870510883788786
2018-11-06,273.32000732421875,275.29998779296875,273.25,275.1199951171875,252.0693206787109,60085900,SPY,1.0,0.006585642268162101
2018-11-07,277.5599975585937,281.1000061035156,277.0799865722656,281.010009765625,257.4657897949219,102752100,SPY,1.0,0.012429789009142067
2018-11-08,280.1099853515625,281.2200012207031,279.2200012207031,280.5,256.9984436035156,65584900,SPY,1.0,0.0013923625319818484
2018-11-09,279.0299987792969,279.239990234375,276.17999267578125,277.760009765625,254.48817443847656,98812600,SPY,1.0,-0.004551442566132083
2018-11-12,277.19000244140625,277.4599914550781,271.989990234375,272.57000732421875,249.7330017089844,99673600,SPY,1.0,-0.016667250176759518
2018-11-13,273.0899963378906,275.3299865722656,271.25,272.0599975585937,249.26565551757807,98176600,SPY,1.0,-0.0037716459522835395
2018-11-14,274.1600036621094,274.6099853515625,268.45001220703125,270.20001220703125,247.56153869628903,125335900,SPY,1.0,-0.014444088861184316
2018-11-15,268.7799987792969,273.5400085449219,267.010009765625,273.0199890136719,250.1452789306641,135101400,SPY,1.0,0.01577494699617355
2018-11-16,271.7900085449219,274.75,271.2099914550781,273.7300109863281,250.79586791992188,126668000,SPY,1.0,0.007137872550180973
2018-11-19,273.04998779296875,273.3800048828125,268.07000732421875,269.1000061035156,246.55368041992188,103061700,SPY,0.0,-0.014466148566349946
2018-11-20,265.3599853515625,267.0,263.1499938964844,264.1199951171875,241.99090576171875,136021300,SPY,1.0,-0.004672860652792837
2018-11-21,265.8599853515625,267.1499938964844,265.010009765625,265.0199890136719,242.81553649902344,75563700,SPY,1.0,-0.0031595440614346224
2018-11-23,263.17999267578125,264.82000732421875,263.07000732421875,263.25,241.1938323974609,42807900,SPY,1.0,0.0002660054949731455
2018-11-26,265.7799987792969,267.75,265.3399963378906,267.5,245.0877990722656,79981400,SPY,1.0,0.006471522419305187
2018-11-27,266.3399963378906,268.3999938964844,265.6600036621094,268.3999938964844,245.91238403320312,75502400,SPY,1.0,0.007734465671390738
2018-11-28,269.6000061035156,274.5799865722656,268.3299865722656,274.5799865722656,251.5746307373047,127629600,SPY,1.0,0.018471737225546972
2018-11-29,273.7099914550781,275.54998779296875,272.42999267578125,273.9800109863281,251.02487182617188,82346400,SPY,1.0,0.0009865168962760213
2018-11-30,273.8099975585937,276.2799987792969,273.45001220703125,275.6499938964844,252.55490112304688,98204200,SPY,1.0,0.006719974998345098
2018-12-03,280.2799987792969,280.3999938964844,277.510009765625,279.29998779296875,255.8991241455078,103176300,SPY,1.0,-0.003496542709420457
2018-12-04,278.3699951171875,278.8500061035156,269.8999938964844,270.25,247.6073455810547,177986000,SPY,0.0,-0.029169792936085532
2018-12-06,265.9200134277344,269.9700012207031,262.44000244140625,269.8399963378906,247.231689453125,204185400,SPY,1.0,0.014741210560376016
2018-12-07,269.4599914550781,271.2200012207031,262.6300048828125,263.57000732421875,241.48703002929688,161018900,SPY,1.0,-0.0218584736793525
2018-12-10,263.3699951171875,265.1600036621094,258.6199951171875,264.07000732421875,241.94515991210935,151445900,SPY,1.0,0.002657904165278117
2018-12-11,267.6600036621094,267.8699951171875,262.4800109863281,264.1300048828125,242.0000915527344,121504400,SPY,1.0,-0.013188368568331565
2018-12-12,267.4700012207031,269.0,265.3699951171875,265.4599914550781,243.2186737060547,97976700,SPY,1.0,-0.007514897956599023
2018-12-13,266.5199890136719,267.489990234375,264.1199951171875,265.3699951171875,243.13626098632807,96662700,SPY,1.0,-0.004314850457334301
2018-12-14,262.9599914550781,264.0299987792969,259.8500061035156,260.4700012207031,238.646728515625,116961100,SPY,0.0,-0.009469083949222629
2018-12-17,259.3999938964844,260.6499938964844,253.52999877929688,255.3600006103516,233.96490478515625,165492300,SPY,1.0,-0.015574376951392587
2018-12-18,257.20001220703125,257.95001220703125,253.27999877929688,255.0800018310547,233.7083740234375,134515100,SPY,1.0,-0.008242652703570153
2018-12-19,255.1699981689453,259.3999938964844,249.3500061035156,251.25999450683597,230.20843505859372,214992800,SPY,0.0,-0.015323132382987185
2018-12-20,249.8600006103516,251.6199951171875,244.6499938964844,247.1699981689453,226.46109008789065,252053400,SPY,1.0,-0.010766038721024612
2018-12-21,246.7400054931641,249.7100067138672,239.97999572753903,240.6999969482422,221.8209991455078,255345600,SPY,1.0,-0.0244792429701443
2018-12-24,239.0399932861328,240.83999633789065,234.2700042724609,234.33999633789065,215.95985412597656,147311600,SPY,1.0,-0.0196619690438839
2018-12-26,235.97000122070312,246.17999267578125,233.75999450683597,246.17999267578125,226.87115478515625,218485400,SPY,0.0,0.043268175625124076
2018-12-27,242.57000732421875,248.2899932861328,238.9600067138672,248.07000732421875,228.61294555664065,186267300,SPY,1.0,0.022673866652643117
2018-12-28,249.5800018310547,251.3999938964844,246.4499969482422,247.75,228.3180694580078,153100200,SPY,1.0,-0.007332325577485369
2018-12-31,249.55999755859372,250.19000244140625,247.47000122070312,249.9199981689453,230.3178558349609,144299400,SPY,1.0,0.0014425413282313688
2019-01-02,245.97999572753903,251.2100067138672,245.9499969482422,250.17999267578125,230.5574188232422,126925200,SPY,1.0,0.01707454679727031
2019-01-03,248.22999572753903,248.57000732421875,243.6699981689453,244.2100067138672,225.0557098388672,144140700,SPY,1.0,-0.01619461419998672
2019-01-04,247.58999633789065,253.1100006103516,247.1699981689453,252.38999938964844,232.5941162109375,142628800,SPY,0.0,0.019386902228501715
2019-01-07,252.69000244140625,255.9499969482422,251.69000244140625,254.3800048828125,234.4280242919922,103139100,SPY,1.0,0.006688046321888527
2019-01-08,256.82000732421875,257.3099975585937,254.0,256.7699890136719,236.63059997558597,102512600,SPY,1.0,-0.00019476017880386593
2019-01-09,257.5599975585937,258.9100036621094,256.19000244140625,257.9700012207031,237.7364654541016,95006600,SPY,1.0,0.0015918763239472307
2019-01-10,256.260009765625,259.1600036621094,255.5,258.8800048828125,238.57508850097656,96823900,SPY,1.0,0.010223971815125361
2019-01-11,257.67999267578125,259.010009765625,257.0299987792969,258.9800109863281,238.6672821044922,73858100,SPY,1.0,0.005045088278089899
2019-01-14,256.8599853515625,258.29998779296875,256.4100036621094,257.3999938964844,237.21112060546875,70908200,SPY,0.0,0.0021023459305378727
2019-01-15,257.82000732421875,260.70001220703125,257.8099975585937,260.3500061035156,239.9297637939453,85208300,SPY,1.0,0.009813042849367785
2019-01-16,260.8299865722656,261.9700012207031,260.6000061035156,260.9800109863281,240.5103454589844,77636700,SPY,1.0,0.0005751808526085025
2019-01-17,260.010009765625,263.9200134277344,259.9599914550781,262.9599914550781,242.3350830078125,96118400,SPY,1.0,0.011345646623805987
2019-01-18,264.9800109863281,266.9800109863281,263.0,266.4599914550781,245.5605926513672,127900300,SPY,1.0,0.005585253254542136
2019-01-22,264.82000732421875,265.0599975585937,261.0599975585937,262.8599853515625,242.24288940429688,115531200,SPY,1.0,-0.007401336449087088
2019-01-23,264.010009765625,264.7900085449219,260.6600036621094,263.4100036621094,242.74972534179688,86030300,SPY,1.0,-0.0022726642222705143
2019-01-24,263.2099914550781,264.20001220703125,262.0799865722656,263.54998779296875,242.8788146972656,59204100,SPY,0.0,0.0012917303633158317
2019-01-25,265.6099853515625,266.70001220703125,263.6600036621094,265.7799987792969,244.9339141845703,96883400,SPY,1.0,0.0006400867328438143
2019-01-28,263.3900146484375,263.8299865722656,261.7900085449219,263.760009765625,243.0723571777344,85613700,SPY,1.0,0.001404742384335848
2019-01-29,263.9200134277344,264.54998779296875,262.4800109863281,263.4100036621094,242.74972534179688,66136300,SPY,0.0,-0.0019324406626125344
2019-01-30,265.1000061035156,268.5199890136719,264.25,267.5799865722656,246.5926971435547,92473700,SPY,1.0,0.009354886501894772
2019-01-31,267.510009765625,270.4700012207031,267.2699890136719,269.92999267578125,248.7583770751953,104012100,SPY,1.0,0.009046326574009259
2019-02-01,270.1499938964844,271.20001220703125,269.17999267578125,270.0599975585937,248.87823486328125,85782500,SPY,1.0,-0.00033313470266139073
2019-02-04,270.1099853515625,272.0299987792969,269.3599853515625,271.9599914550781,250.629150390625,60744800,SPY,1.0,0.006849084461308395
2019-02-05,272.44000244140625,273.44000244140625,271.8800048828125,273.1000061035156,251.6797790527344,79552800,SPY,1.0,0.0024225651746986833
2019-02-06,272.7900085449219,273.3399963378906,271.9200134277344,272.739990234375,251.3479766845703,58347800,SPY,1.0,-0.0001833582938527538
2019-02-07,270.94000244140625,271.54998779296875,268.2900085449219,270.1400146484375,248.9519195556641,95482000,SPY,1.0,-0.0029526381699275144
2019-02-08,268.75,270.5799865722656,267.8299865722656,270.4700012207031,249.2560577392578,75788900,SPY,1.0,0.0064000045421511624
2019-02-11,271.20001220703125,271.489990234375,270.0299987792969,270.6199951171875,249.394287109375,68021400,SPY,1.0,-0.0021387059872289794
2019-02-12,272.4200134277344,274.5199890136719,272.3399963378906,274.1000061035156,252.6013641357422,72270200,SPY,1.0,0.00616692090512251
2019-02-13,275.0299987792969,275.92999267578125,274.5599975585937,274.989990234375,253.42149353027344,65277200,SPY,1.0,-0.0001454697491162796
2019-02-14,273.7799987792969,275.6400146484375,272.8699951171875,274.3800048828125,252.8593597412109,83234400,SPY,1.0,0.002191562956355003
2019-02-15,276.3599853515625,277.4100036621094,276.1300048828125,277.3699951171875,255.61485290527344,97088700,SPY,1.0,0.003654688881026493
2019-02-19,276.4800109863281,278.5799865722656,276.4700012207031,277.8500061035156,256.0571594238281,59120800,SPY,1.0,0.004955132605428195
2019-02-20,277.8099975585937,278.9200134277344,277.25,278.4100036621094,256.5733337402344,76610800,SPY,1.0,0.002159771458149676
2019-02-21,277.70001220703125,278.1000061035156,276.3500061035156,277.4200134277344,255.6609344482422,64214700,SPY,1.0,-0.001008277878965774
2019-02-22,278.1099853515625,279.3599853515625,277.3999938964844,279.1400146484375,257.2460327148437,78114600,SPY,1.0,0.0037036760674843314
2019-02-25,280.7300109863281,281.3099975585937,279.42999267578125,279.5199890136719,257.5962219238281,69030700,SPY,1.0,-0.004310269388031975
2019-02-26,279.1300048828125,280.29998779296875,278.8999938964844,279.32000732421875,257.4118957519531,56844100,SPY,1.0,0.0006806951530919041
2019-02-27,278.5199890136719,279.5899963378906,277.4800109863281,279.20001220703125,257.3013610839844,56921600,SPY,1.0,0.00244155974502065
2019-02-28,278.9599914550781,279.45001220703125,278.32000732421875,278.67999267578125,256.8221435546875,69268300,SPY,1.0,-0.0010037237879037008
2019-03-01,280.44000244140625,280.8800048828125,278.82000732421875,280.4200134277344,258.42559814453125,78880500,SPY,0.0,-7.12773266932609e-05
2019-03-04,281.6000061035156,281.8699951171875,276.8399963378906,279.3999938964844,257.48565673828125,106494600,SPY,1.0,-0.007812543179500251
2019-03-05,279.5400085449219,279.760009765625,278.4100036621094,279.0199890136719,257.13543701171875,59114600,SPY,1.0,-0.001860268710575049
2019-03-06,279.1499938964844,279.1600036621094,276.9700012207031,277.3299865722656,255.57797241210935,75039800,SPY,1.0,-0.00651981860652898
2019-03-07,276.8299865722656,276.989990234375,274.07000732421875,275.010009765625,253.43994140625,94885100,SPY,1.0,-0.0065743484987870904
2019-03-08,272.94000244140625,274.6499938964844,272.4200134277344,274.4599914550781,252.93312072753903,85795800,SPY,1.0,0.0055689492198864494
2019-03-11,275.260009765625,278.6199951171875,275.2300109863281,278.44000244140625,256.6009521484375,65098900,SPY,0.0,0.011552686779633958
2019-03-12,279.0599975585937,280.07000732421875,278.8500061035156,279.489990234375,257.56854248046875,79667500,SPY,1.0,0.0015408610318324901
2019-03-13,280.4800109863281,282.3800048828125,280.29998779296875,281.3399963378906,259.27349853515625,80639200,SPY,0.0,0.0030661199296816185
2019-03-14,281.3699951171875,281.8399963378906,280.6700134277344,281.1600036621094,259.1075744628906,67518400,SPY,1.0,-0.0007463178687218084
2019-03-15,280.5400085449219,282.2099914550781,280.3299865722656,281.3099975585937,260.3876953125,81309000,SPY,1.0,0.0027446673922394303
2019-03-18,281.54998779296875,282.6600036621094,281.29998779296875,282.3299865722656,261.3318176269531,62199800,SPY,1.0,0.0027703740476466617
2019-03-19,283.510009765625,284.3599853515625,281.4100036621094,282.3999938964844,261.3966369628906,90268100,SPY,1.0,-0.003915261651813509
2019-03-20,282.1600036621094,283.5,280.32000732421875,281.54998779296875,260.60986328125,84609200,SPY,1.0,-0.002161950174451825
2019-03-21,280.6400146484375,285.17999267578125,280.5899963378906,284.7300109863281,263.5533447265625,79550400,SPY,1.0,0.014573817433035102
2019-03-22,283.2200012207031,283.79998779296875,279.17999267578125,279.25,258.4808654785156,122659300,SPY,1.0,-0.014017375904216053
2019-03-25,278.8699951171875,280.19000244140625,277.6400146484375,279.0400085449219,258.2865295410156,85575200,SPY,1.0,0.0006096512020338778
2019-03-26,280.989990234375,282.17999267578125,279.5599975585937,281.1199951171875,260.2119140625,68125900,SPY,0.0,0.00046266730962217674
2019-03-27,281.1099853515625,281.760009765625,277.92999267578125,279.6499938964844,258.8511657714844,72224700,SPY,1.0,-0.00519366629133514
2019-03-28,280.3500061035156,281.2099914550781,279.07000732421875,280.7099914550781,259.8323669433594,56238500,SPY,0.0,0.0012840568707873686
2019-03-29,282.3900146484375,282.8399963378906,281.1400146484375,282.4800109863281,261.470703125,82186800,SPY,0.0,0.00031869518475242925
2019-04-01,284.70001220703125,286.1600036621094,284.3999938964844,285.8299865722656,264.57159423828125,77617900,SPY,1.0,0.003969000058955628
2019-04-02,286.0400085449219,286.2300109863281,285.0899963378906,285.9700012207031,264.7011108398437,40070400,SPY,1.0,-0.0002447466163033467
2019-04-03,287.32000732421875,287.760009765625,285.75,286.4200134277344,265.1176147460937,68243200,SPY,1.0,-0.0031323746120777464
2019-04-04,286.7799987792969,287.4599914550781,286.010009765625,287.17999267578125,265.8211364746094,48997500,SPY,1.0,0.0013947761286944088
2019-04-05,287.9200134277344,288.6300048828125,287.6000061035156,288.57000732421875,267.1077880859375,58621700,SPY,1.0,0.002257550243715581
2019-04-08,288.1000061035156,288.9100036621094,287.3699951171875,288.7900085449219,267.3114318847656,53566300,SPY,1.0,0.002395010158931857
2019-04-09,287.7200012207031,288.0799865722656,286.70001220703125,287.3099975585937,265.9414978027344,66142300,SPY,1.0,-0.0014250092463850917
2019-04-10,287.7699890136719,288.3900146484375,287.3099975585937,288.2900085449219,266.8486022949219,52601500,SPY,0.0,0.0018070665847830783
2019-04-11,288.8299865722656,288.8399963378906,287.5799865722656,288.2099914550781,266.7745361328125,55093100,SPY,0.0,-0.0021465746148638773
2019-04-12,290.0,290.4700012207031,288.260009765625,290.1600036621094,268.5795288085937,69727800,SPY,1.0,0.0005517367658943966
2019-04-15,290.239990234375,290.3500061035156,289.0799865722656,289.9700012207031,268.40362548828125,49596700,SPY,1.0,-0.0009302267873350364
2019-04-16,290.95001220703125,291.010009765625,289.5,290.1600036621094,268.5795288085937,52153200,SPY,0.0,-0.0027152724240469485
2019-04-17,291.3999938964844,291.42999267578125,288.989990234375,289.45001220703125,267.9223327636719,58268300,SPY,1.0,-0.0066917698362952876
2019-04-18,290.1000061035156,290.32000732421875,288.6600036621094,290.0199890136719,268.4499206542969,68708500,SPY,1.0,-0.0002758258812831521
2019-04-22,289.1700134277344,290.44000244140625,289.07000732421875,290.2699890136719,268.68133544921875,40160100,SPY,0.0,0.0038039061273979283
2019-04-23,290.67999267578125,293.1400146484375,290.4200134277344,292.8800048828125,271.09722900390625,52246600,SPY,0.0,0.007568502347821029
2019-04-24,292.7900085449219,293.1600036621094,292.07000732421875,292.2300109863281,270.4955444335937,50392900,SPY,0.0,-0.0019126252339578427
2019-04-25,292.1199951171875,292.7799987792969,290.7300109863281,292.04998779296875,270.3289489746094,57770900,SPY,0.0,-0.00023965262696470232
2019-04-26,292.1000061035156,293.489990234375,291.239990234375,293.4100036621094,271.5877380371094,50916400,SPY,1.0,0.004484757039441853
2019-04-29,293.510009765625,294.45001220703125,293.4100036621094,293.8699951171875,272.0135803222656,57197700,SPY,1.0,0.0012264840706794197
2019-04-30,293.489990234375,294.3399963378906,291.9200134277344,294.0199890136719,272.1524353027344,81111700,SPY,1.0,0.0018058495925998327
2019-05-01,294.7200012207031,294.95001220703125,291.79998779296875,291.8099975585937,270.1068420410156,71671900,SPY,1.0,-0.009873790886456516
2019-05-02,291.67999267578125,292.70001220703125,289.5199890136719,291.17999267578125,269.523681640625,65030200,SPY,0.0,-0.001714207393565654
2019-05-03,292.82000732421875,294.3399963378906,291.29998779296875,294.0299987792969,272.1616516113281,56543700,SPY,0.0,0.004132202120118068
2019-05-06,289.25,293.3099975585937,288.8999938964844,292.82000732421875,271.0417175292969,107198100,SPY,1.0,0.012342289798509076
2019-05-07,290.1499938964844,290.8099975585937,285.8099975585937,287.92999267578125,266.5152587890625,144729900,SPY,1.0,-0.007651219256944551
2019-05-08,287.5299987792969,289.42999267578125,286.8699951171875,287.5299987792969,266.1450500488281,91568300,SPY,1.0,0.0
2019-05-09,285.2300109863281,287.3299865722656,283.29998779296875,286.6600036621094,265.3398132324219,103471100,SPY,1.0,0.005013472007508332
2019-05-10,285.6199951171875,288.94000244140625,282.29998779296875,288.1000061035156,266.6726989746094,112429300,SPY,0.0,0.008682903958844327
2019-05-13,282.4200134277344,283.489990234375,279.92999267578125,280.8599853515625,259.9711608886719,127290500,SPY,0.0,-0.005523787274272101
2019-05-14,281.989990234375,285.1000061035156,281.8500061035156,283.3999938964844,262.322265625,77003200,SPY,1.0,0.005000190471078266
2019-05-15,281.5899963378906,285.7699890136719,281.3599853515625,285.0599975585937,263.8587646484375,73956400,SPY,0.0,0.01232288527941625
2019-05-16,285.8399963378906,289.2099914550781,285.760009765625,287.70001220703125,266.3024597167969,76749600,SPY,1.0,0.00650719246071465
2019-05-17,285.1400146484375,288.6000061035156,285.1199951171875,285.8399963378906,264.5809020996094,100353000,SPY,0.0,0.0024548700760788178
2019-05-20,284.0599975585937,285.9599914550781,283.1199951171875,283.95001220703125,262.8313903808594,62877600,SPY,1.0,-0.000387190567160926
2019-05-21,285.8299865722656,286.92999267578125,285.54998779296875,286.510009765625,265.20098876953125,46847100,SPY,0.0,0.0023791177458822943
2019-05-22,285.45001220703125,286.69000244140625,285.1000061035156,285.6300048828125,264.386474609375,49482500,SPY,0.0,0.0006305576040778197
2019-05-23,283.1600036621094,283.2099914550781,280.57000732421875,282.1400146484375,261.1559753417969,98733800,SPY,1.0,-0.003602164855489311
2019-05-24,283.739990234375,284.20001220703125,282.0899963378906,282.7799987792969,261.7484130859375,55268100,SPY,1.0,-0.0033833491510490026
2019-05-28,283.0899963378906,284.1499938964844,280.1300048828125,280.1499938964844,259.3139953613281,70029400,SPY,1.0,-0.010385398563844414
2019-05-29,278.9100036621094,279.3599853515625,276.7099914550781,278.2699890136719,257.5737609863281,104972900,SPY,0.0,-0.0022946995089242386
2019-05-30,279.1099853515625,280.0400085449219,277.8099975585937,279.0299987792969,258.2773132324219,62523800,SPY,1.0,-0.00028657725077401006
2019-05-31,276.20001220703125,277.1199951171875,275.239990234375,275.2699890136719,254.79693603515625,86862800,SPY,0.0,-0.0033672090957847516
2019-06-03,275.3099975585937,276.54998779296875,273.0899963378906,274.57000732421875,254.1490631103516,96428000,SPY,1.0,-0.0026878436705425218
2019-06-04,277.1199951171875,280.67999267578125,276.6199951171875,280.5299987792969,259.6657409667969,77231900,SPY,1.0,0.012305151999830849
2019-06-05,282.3299865722656,282.989990234375,280.32000732421875,282.9599914550781,261.9150390625,71169700,SPY,1.0,0.002231448704621544
2019-06-06,283.2900085449219,285.54998779296875,282.57000732421875,284.79998779296875,263.6181640625,69430400,SPY,1.0,0.0053301535617251905
2019-06-07,285.92999267578125,288.8500061035156,285.739990234375,287.6499938964844,266.2561340332031,74272200,SPY,1.0,0.006015462752287938
2019-06-10,289.3699951171875,290.82000732421875,288.8699951171875,288.9700012207031,267.4780578613281,60799100,SPY,0.0,-0.0013822922322073773
2019-06-11,290.989990234375,291.3999938964844,288.17999267578125,288.8999938964844,267.4131774902344,58641300,SPY,1.0,-0.00718236505732468
2019-06-12,288.6400146484375,289.260009765625,287.82000732421875,288.3900146484375,266.941162109375,47096300,SPY,0.0,-0.0008661307764431037
2019-06-13,289.3999938964844,289.9800109863281,288.6199951171875,289.5799865722656,268.0426330566406,48945200,SPY,1.0,0.0006219512079382824
2019-06-14,289.260009765625,289.92999267578125,288.4100036621094,289.260009765625,267.7464294433594,52324700,SPY,1.0,0.0
2019-06-17,289.5199890136719,290.2200012207031,289.17999267578125,289.3699951171875,267.8482971191406,39205700,SPY,0.0,-0.0005180778605144666
2019-06-18,291.3900146484375,293.57000732421875,290.989990234375,292.3999938964844,270.6529235839844,85434800,SPY,1.0,0.00346607363764821
2019-06-19,292.54998779296875,293.6499938964844,291.4700012207031,293.0599975585937,271.2637634277344,78674400,SPY,1.0,0.0017433251987891585
2019-06-20,296.0400085449219,296.3099975585937,293.1300048828125,295.8599853515625,273.8555603027344,116570000,SPY,1.0,-0.0006081042702444653
2019-06-21,294.1300048828125,295.5199890136719,293.760009765625,294.0,273.4575500488281,83309500,SPY,1.0,-0.00044199803030736917
2019-06-24,294.2300109863281,294.5799865722656,293.4700012207031,293.6400146484375,273.12261962890625,47582700,SPY,0.0,-0.0020052214793209525
2019-06-25,293.70001220703125,293.7300109863281,290.6400146484375,290.760009765625,270.44390869140625,82028700,SPY,1.0,-0.01001022240112752
2019-06-26,291.75,292.3099975585937,290.3500061035156,290.4700012207031,270.1741638183594,51584900,SPY,1.0,-0.004387313725096401
2019-06-27,291.3099975585937,292.0599975585937,290.8900146484375,291.5,271.1321716308594,40355200,SPY,0.0,0.0006522345370865276
2019-06-28,292.5799865722656,293.54998779296875,292.010009765625,293.0,272.52734375,59350900,SPY,1.0,0.00143555077931017
2019-07-01,296.67999267578125,296.9200134277344,294.3299865722656,295.6600036621094,275.00152587890625,78705600,SPY,1.0,-0.0034380107821646824
2019-07-02,295.6099853515625,296.489990234375,294.67999267578125,296.42999267578125,275.7177124023437,61504500,SPY,0.0,0.002773950018107586
2019-07-03,297.17999267578125,298.82000732421875,297.0199890136719,298.79998779296875,277.922119140625,40898900,SPY,1.0,0.005451225375575298
2019-07-05,297.44000244140625,298.6400146484375,296.010009765625,298.4599914550781,277.6058044433594,51677300,SPY,1.0,0.0034292260802169885
2019-07-08,297.010009765625,298.260009765625,296.2200012207031,296.82000732421875,276.0804443359375,45841800,SPY,1.0,-0.0006397172996162107
2019-07-09,295.5400085449219,297.5199890136719,295.4800109863281,297.19000244140625,276.424560546875,41101300,SPY,0.0,0.005582979795554743
2019-07-10,298.3699951171875,299.6600036621094,297.7799987792969,298.6099853515625,277.745361328125,58448500,SPY,1.0,0.0008043376958220671
2019-07-11,299.32000732421875,299.5799865722656,298.20001220703125,299.3099975585937,278.3963928222656,50826100,SPY,1.0,-3.3441685754786256e-05
2019-07-12,299.8500061035156,300.7300109863281,299.510009765625,300.6499938964844,279.642822265625,40326000,SPY,0.0,0.0026679599022338338
2019-07-15,301.1300048828125,301.1300048828125,300.19000244140625,300.75,279.7358093261719,33900000,SPY,1.0,-0.0012619296538064428
2019-07-16,300.6499938964844,300.8800048828125,299.44000244140625,299.7799987792969,278.8336181640625,36650100,SPY,1.0,-0.002893714069014898
2019-07-17,299.75,299.92999267578125,297.739990234375,297.739990234375,276.93609619140625,36036300,SPY,0.0,-0.006705620569224353
2019-07-18,297.19000244140625,299.25,296.70001220703125,298.8299865722656,277.949951171875,51392600,SPY,1.0,0.005518301818321473
2019-07-19,300.0400085449219,300.07000732421875,296.9800109863281,297.1700134277344,276.4060363769531,58678600,SPY,1.0,-0.00956537473487575
2019-07-22,297.6099853515625,298.5,297.0400085449219,297.8999938964844,277.0849914550781,43638100,SPY,0.0,0.0009744583824339495
2019-07-23,299.1400146484375,300.0299987792969,298.2200012207031,300.0299987792969,279.06622314453125,44564500,SPY,0.0,0.0029751423657089927
2019-07-24,299.19000244140625,301.44000244140625,299.0899963378906,301.44000244140625,280.3775634765625,47213200,SPY,1.0,0.007520304761656074
2019-07-25,300.94000244140625,301.0,299.1099853515625,300.0,279.03826904296875,55394100,SPY,0.0,-0.0031235543090994385
2019-07-26,300.760009765625,302.2300109863281,300.6199951171875,302.010009765625,280.9078063964844,45084100,SPY,0.0,0.0041561376493307566
2019-07-29,301.8800048828125,302.010009765625,300.8500061035156,301.4599914550781,280.39617919921875,38126500,SPY,0.0,-0.0013913257616960122
2019-07-30,299.9100036621094,301.1700134277344,299.489990234375,300.7200012207031,279.7079467773437,45849000,SPY,1.0,0.0027008020696312808
2019-07-31,300.989990234375,301.20001220703125,295.20001220703125,297.42999267578125,276.6478271484375,104245200,SPY,1.0,-0.011827627742110792
2019-08-01,297.6000061035156,300.8699951171875,293.9599914550781,294.8399963378906,274.23876953125,142646600,SPY,1.0,-0.009274226172780967
2019-08-02,293.8500061035156,294.1199951171875,290.8999938964844,292.6199951171875,272.1739196777344,116749700,SPY,1.0,-0.004185846386863182
2019-08-05,288.0899963378906,288.2099914550781,281.7200012207031,283.82000732421875,263.98883056640625,178745400,SPY,0.0,-0.014821719143151902
2019-08-06,285.9100036621094,288.0400085449219,284.2799987792969,287.79998779296875,267.690673828125,120711700,SPY,1.0,0.00661041623815644
2019-08-07,284.3999938964844,288.82000732421875,282.0400085449219,287.9700012207031,267.8488464355469,140572300,SPY,0.0,0.012552768638659527
2019-08-08,289.6199951171875,293.6199951171875,289.010009765625,293.6199951171875,273.10406494140625,87713900,SPY,0.0,0.013811201116765091
2019-08-09,292.5799865722656,293.239990234375,289.6499938964844,291.6199951171875,271.2438049316406,93730000,SPY,1.0,-0.003281124817609534
2019-08-12,289.9599914550781,291.6099853515625,287.0199890136719,288.07000732421875,267.9418640136719,65527600,SPY,1.0,-0.006518085896523348
2019-08-13,287.739990234375,294.1499938964844,287.3599853515625,292.54998779296875,272.1087951660156,94299800,SPY,1.0,0.01671647223827257
2019-08-14,288.07000732421875,288.739990234375,283.760009765625,283.8999938964844,264.0631408691406,135622100,SPY,0.0,-0.014475694524633672
2019-08-15,284.8800048828125,285.6400146484375,282.3900146484375,284.6499938964844,264.7606811523437,99556600,SPY,1.0,-0.0008073960347716988
2019-08-16,286.4800109863281,289.3299865722656,284.7099914550781,288.8500061035156,268.6673278808594,83018300,SPY,1.0,0.008272811457343196
2019-08-19,292.19000244140625,293.0799865722656,291.44000244140625,292.3299865722656,271.9041748046875,53571800,SPY,1.0,0.0004790859703950564
2019-08-20,291.7699890136719,292.3599853515625,289.95001220703125,290.0899963378906,269.8206787109375,51596400,SPY,1.0,-0.005757935151111543
2019-08-21,292.4800109863281,292.8599853515625,291.7200012207031,292.45001220703125,272.0158386230469,49524700,SPY,1.0,-0.00010256693849166083
2019-08-22,293.2300109863281,293.92999267578125,290.3999938964844,292.3599853515625,271.9320678710937,51666400,SPY,0.0,-0.0029670415788586864
2019-08-23,290.9200134277344,292.760009765625,283.4700012207031,284.8500061035156,264.9468078613281,149161500,SPY,1.0,-0.02086486678142053
2019-08-26,287.2699890136719,288.0,285.5799865722656,288.0,267.876708984375,72423800,SPY,0.0,0.0025412017065708247
2019-08-27,289.5400085449219,289.95001220703125,286.0299987792969,286.8699951171875,266.82568359375,66668900,SPY,0.0,-0.009221569900313534
2019-08-28,286.1400146484375,289.07000732421875,285.25,288.8900146484375,268.7044982910156,59696700,SPY,0.0,0.009610679594668905
2019-08-29,291.7200012207031,293.1600036621094,290.6099853515625,292.5799865722656,272.1366882324219,57899400,SPY,1.0,0.0029479821334289355
2019-08-30,294.2200012207031,294.239990234375,291.4200134277344,292.45001220703125,272.0158386230469,62901200,SPY,1.0,-0.006015869099069692
2019-09-03,290.57000732421875,291.5799865722656,289.2699890136719,290.739990234375,270.4252624511719,69101400,SPY,0.0,0.0005849981273758328
2019-09-04,293.1400146484375,294.0599975585937,292.3099975585937,294.0400085449219,273.49468994140625,46887300,SPY,1.0,0.0030701843880431563
2019-09-05,296.7900085449219,298.8299865722656,294.0,297.82000732421875,277.010498046875,83258100,SPY,1.0,0.0034704631208667368
2019-09-06,298.1700134277344,298.760009765625,297.4200134277344,298.04998779296875,277.2245178222656,49584300,SPY,1.0,-0.00040254093087974075
2019-09-09,299.1400146484375,299.239990234375,297.1600036621094,298.20001220703125,277.3641052246094,51260300,SPY,0.0,-0.0031423493861594616
2019-09-10,297.3599853515625,298.20001220703125,295.9700012207031,298.1300048828125,277.29888916015625,57947100,SPY,1.0,0.0025895196703740147
2019-09-11,298.4700012207031,300.3399963378906,297.75,300.25,279.2708435058594,68821100,SPY,1.0,0.00596374433617085
2019-09-12,301.25,302.4599914550781,300.4100036621094,301.2900085449219,280.2381591796875,72908700,SPY,0.0,0.00013280844787344397
2019-09-13,301.7799987792969,302.1700134277344,300.67999267578125,301.0899963378906,280.0520935058594,62104800,SPY,1.0,-0.002286441925234664
2019-09-16,299.8399963378906,301.1400146484375,299.45001220703125,300.1600036621094,279.1870422363281,58191200,SPY,1.0,0.00106726029925018
2019-09-17,299.94000244140625,301.0199890136719,299.75,300.9200134277344,279.8939819335937,41475500,SPY,0.0,0.003267356732517103
2019-09-18,300.489990234375,301.2200012207031,298.239990234375,301.1000061035156,280.0614013671875,73375800,SPY,1.0,0.00203007051471108
2019-09-19,301.5299987792969,302.6300048828125,300.7099914550781,301.0799865722656,280.04278564453125,76560500,SPY,1.0,-0.0014924293067126427
2019-09-20,300.3599853515625,300.6700134277344,297.4100036621094,298.2799987792969,278.7196655273437,89565000,SPY,1.0,-0.006924978937627334
2019-09-23,297.54998779296875,299.0,297.2699890136719,298.2099914550781,278.6542663574219,43476800,SPY,1.0,0.0022181270011296275
2019-09-24,299.4100036621094,299.8399963378906,294.8099975585937,295.8699951171875,276.4676513671875,94869400,SPY,1.0,-0.011823280790967996
2019-09-25,295.9599914550781,298.1099853515625,294.3299865722656,297.6199951171875,278.1029357910156,71854000,SPY,1.0,0.0056088785985836075
2019-09-26,297.6300048828125,297.8599853515625,295.45001220703125,297.0,277.5235290527344,56179700,SPY,1.0,-0.002116738475546359
2019-09-27,297.8299865722656,297.95001220703125,293.69000244140625,295.3999938964844,276.0284729003906,84746600,SPY,1.0,-0.008158992664735038
2019-09-30,295.9700012207031,297.54998779296875,295.9200134277344,296.7699890136719,277.30865478515625,51662400,SPY,1.0,0.0027029353977405424
2019-10-01,297.739990234375,298.4599914550781,293.0,293.239990234375,274.0101013183594,88242400,SPY,1.0,-0.015113858223941264
2019-10-02,291.5,291.510009765625,286.6400146484375,288.0599975585937,269.1697692871094,122539500,SPY,1.0,-0.011801037534841533
2019-10-03,287.8099975585937,290.45001220703125,284.82000732421875,290.4200134277344,271.37506103515625,85278800,SPY,1.0,0.00906853789402963
2019-10-04,291.1400146484375,294.6300048828125,291.0799865722656,294.3500061035156,275.04736328125,65091200,SPY,0.0,0.011025593506802251
2019-10-07,293.4700012207031,295.260009765625,292.7699890136719,293.0799865722656,273.8606262207031,59610500,SPY,1.0,-0.0013289762047746434
2019-10-08,291.0400085449219,291.8500061035156,288.489990234375,288.5299987792969,269.6089782714844,95708100,SPY,1.0,-0.008624277391187546
2019-10-09,290.75,292.29998779296875,290.0599975585937,291.2699890136719,272.1692810058594,62359400,SPY,1.0,0.0017884402877794497
2019-10-10,291.17999267578125,294.2099914550781,291.0,293.239990234375,274.0101013183594,55296300,SPY,0.0,0.007074653514699017
2019-10-11,296.2699890136719,298.739990234375,296.1400146484375,296.2799987792969,276.8507995605469,98720400,SPY,0.0,3.3785958740958005e-05
2019-10-14,295.92999267578125,296.6700134277344,295.57000732421875,295.95001220703125,276.5424499511719,40394800,SPY,1.0,6.764955139891229e-05
2019-10-15,297.1000061035156,299.70001220703125,296.9700012207031,298.8800048828125,279.2803039550781,46754500,SPY,0.0,0.005991244505988625
2019-10-16,298.3699951171875,299.1600036621094,297.9200134277344,298.3999938964844,278.83172607421875,48928200,SPY,1.0,0.00010054221197775839
2019-10-17,299.67999267578125,300.239990234375,298.5199890136719,299.2799987792969,279.654052734375,45736600,SPY,0.0,-0.0013347367400569903
2019-10-18,298.69000244140625,299.3999938964844,297.0299987792969,297.9700012207031,278.4299621582031,64304000,SPY,1.0,-0.002410530030526773
2019-10-21,299.4200134277344,300.2099914550781,298.94000244140625,299.989990234375,280.31744384765625,39048600,SPY,0.0,0.00190360290254342
2019-10-22,300.5799865722656,300.8999938964844,298.9100036621094,299.010009765625,279.4017639160156,48594700,SPY,0.0,-0.00522315815016237
2019-10-23,298.7300109863281,299.94000244140625,298.5,299.8800048828125,280.2148132324219,34352200,SPY,0.0,0.003849609527638006
2019-10-24,300.9100036621094,301.07000732421875,299.4599914550781,300.3699951171875,280.6725769042969,35453100,SPY,0.0,-0.001794584887009102
2019-10-25,299.739990234375,302.20001220703125,299.67999267578125,301.6000061035156,281.8219299316406,45205400,SPY,1.0,0.00620543113945599
2019-10-28,302.94000244140625,303.8500061035156,302.9100036621094,303.29998779296875,283.410400390625,42147000,SPY,1.0,0.0011883057657006762
2019-10-29,303.0,304.2300109863281,302.8599853515625,303.2099914550781,283.32635498046875,44284900,SPY,0.0,0.0006930411058683994
2019-10-30,303.42999267578125,304.54998779296875,301.989990234375,304.1400146484375,284.1953125,49643900,SPY,1.0,0.002339986124624527
2019-10-31,304.1300048828125,304.1300048828125,301.7300109863281,303.3299865722656,283.4384460449219,69053800,SPY,1.0,-0.0026305142462189433
2019-11-01,304.9200134277344,306.19000244140625,304.739990234375,306.1400146484375,286.06414794921875,71141500,SPY,1.0,0.004001053282756278
2019-11-04,307.8500061035156,308.0,306.9599914550781,307.3699951171875,287.2135925292969,60606900,SPY,1.0,-0.0015592365658967037
2019-11-05,307.5899963378906,307.9200134277344,306.7099914550781,307.0299987792969,286.8958435058594,42933200,SPY,1.0,-0.0018205974357455605
2019-11-06,307.0299987792969,307.3999938964844,306.0599975585937,307.1000061035156,286.9613342285156,46487100,SPY,1.0,0.00022801460605507
2019-11-07,308.57000732421875,309.6499938964844,307.6600036621094,308.17999267578125,287.9704284667969,54272300,SPY,1.0,-0.0012639421822604627
2019-11-08,307.79998779296875,309.0,307.0299987792969,308.94000244140625,288.6806030273437,49032100,SPY,1.0,0.0037037514413557817
2019-11-11,307.4200134277344,308.5400085449219,307.2699890136719,308.3500061035156,288.1293029785156,35797300,SPY,0.0,0.0030251533249635505
2019-11-12,308.75,309.989990234375,308.1499938964844,309.0,288.7366943359375,46484600,SPY,1.0,0.0008097165991902834
2019-11-13,307.9100036621094,309.5400085449219,307.6600036621094,309.1000061035156,288.8301086425781,53917700,SPY,0.0,0.0038647735612777324
2019-11-14,308.7900085449219,309.6400146484375,308.0899963378906,309.54998779296875,289.2505798339844,51219900,SPY,0.0,0.0024611523268775566
2019-11-15,311.0199890136719,311.8399963378906,310.260009765625,311.7900085449219,291.3436889648437,62023600,SPY,0.0,0.002475787918622013
2019-11-18,311.5299987792969,312.2799987792969,311.0299987792969,312.0199890136719,291.55859375,49228000,SPY,1.0,0.001572850885291895
2019-11-19,312.67999267578125,312.69000244140625,311.2200012207031,311.92999267578125,291.4744873046875,67804700,SPY,1.0,-0.002398618451989274
2019-11-20,311.2799987792969,311.8500061035156,309.0599975585937,310.7699890136719,290.3905944824219,79406200,SPY,1.0,-0.0016384276780552357
2019-11-21,310.8900146484375,311.010009765625,309.3900146484375,310.2699890136719,289.92333984375,54664700,SPY,0.0,-0.0019943568643295477
2019-11-22,311.0899963378906,311.239990234375,309.8500061035156,310.9599914550781,290.5680847167969,44850200,SPY,0.0,-0.00041790120011218586
2019-11-25,311.9800109863281,313.3699951171875,311.9800109863281,313.3699951171875,292.8200988769531,48647200,SPY,0.0,0.0044553627857917095
2019-11-26,313.4100036621094,314.2799987792969,313.0599975585937,314.0799865722656,293.4835205078125,37569000,SPY,1.0,0.002137720246091971
2019-11-27,314.6099853515625,315.4800109863281,314.3699951171875,315.4800109863281,294.7917175292969,44444600,SPY,0.0,0.0027654101118037002
2019-11-29,314.8599853515625,315.1300048828125,314.0599975585937,314.3099975585937,293.69842529296875,36592700,SPY,1.0,-0.001746769416744742
2019-12-02,314.5899963378906,314.6600036621094,311.1700134277344,311.6400146484375,291.2035217285156,75767800,SPY,1.0,-0.009377226624474886
2019-12-03,308.6499938964844,309.6400146484375,307.1300048828125,309.54998779296875,289.2505798339844,73941700,SPY,1.0,0.002915904468756337
2019-12-04,310.70001220703125,312.1199951171875,310.32000732421875,311.4599914550781,291.03533935546875,49080000,SPY,0.0,0.0024460225883109134
2019-12-05,312.2300109863281,312.25,310.5799865722656,312.0199890136719,291.55859375,40709000,SPY,0.0,-0.0006726514597132894
2019-12-06,314.1199951171875,315.3099975585937,314.1099853515625,314.8699951171875,294.2217102050781,48927000,SPY,1.0,0.0023876226017391874
2019-12-09,314.44000244140625,315.17999267578125,313.79998779296875,313.8800048828125,293.2966613769531,34838500,SPY,0.0,-0.0017809361221401902
2019-12-10,313.82000732421875,314.54998779296875,312.8099975585937,313.5299987792969,292.9696350097656,52649800,SPY,1.0,-0.0009241238230622331
2019-12-11,314.0299987792969,314.70001220703125,313.44000244140625,314.4200134277344,293.8012390136719,53429100,SPY,1.0,0.0012419662132712546
2019-12-12,314.42999267578125,317.989990234375,314.1700134277344,317.1300048828125,296.33355712890625,96389600,SPY,1.0,0.008587005915225519
2019-12-13,316.8699951171875,318.6700134277344,316.0199890136719,317.32000732421875,296.5109558105469,81503900,SPY,1.0,0.0014201792973955226
2019-12-16,319.2200012207031,320.1499938964844,317.25,319.5,298.548095703125,82749700,SPY,0.0,0.0008771341965608501
2019-12-17,319.9200134277344,320.25,319.4800109863281,319.57000732421875,298.6134948730469,61097700,SPY,1.0,-0.0010940425382130294
2019-12-18,320.0,320.25,319.5299987792969,319.5899963378906,298.6322326660156,48133000,SPY,1.0,-0.0012812614440917969
2019-12-19,319.79998779296875,320.9800109863281,319.5199890136719,320.8999938964844,299.8562316894531,85310500,SPY,1.0,0.0034396689978229266
2019-12-20,320.4599914550781,321.9700012207031,319.3900146484375,320.7300109863281,301.1708984375,147142100,SPY,1.0,0.0008425998204142471
2019-12-23,321.5899963378906,321.6499938964844,321.0599975585937,321.2200012207031,301.6310119628906,52990000,SPY,1.0,-0.001150518117481337
2019-12-24,321.4700012207031,321.5199890136719,320.8999938964844,321.2300109863281,301.6404113769531,20270000,SPY,0.0,-0.00074654006116806
2019-12-26,321.6499938964844,322.95001220703125,321.6400146484375,322.94000244140625,303.24615478515625,30911200,SPY,1.0,0.004010597137884711
2019-12-27,323.739990234375,323.79998779296875,322.2799987792969,322.8599853515625,303.1709899902344,42528800,SPY,1.0,-0.0027182458434480434
